b_role_id,b_zone_id,properties_stage_id,"#event_time",$part_date
5596482396791,1303,40010229,2026-04-23 11:46:46.000,2026-04-23
5592197429988,1302,40010266,2026-04-23 09:14:15.000,2026-04-23
5592197429988,1302,40010324,2026-04-23 09:21:22.000,2026-04-23
5592197429988,1302,40010352,2026-04-23 09:24:57.000,2026-04-23
5592197429988,1302,40010279,2026-04-23 09:15:48.000,2026-04-23
5592197429988,1302,40010318,2026-04-23 09:20:35.000,2026-04-23
5592197429988,1302,40010332,2026-04-23 09:22:23.000,2026-04-23
5596482396791,1303,40010234,2026-04-23 11:48:07.000,2026-04-23
5592197429988,1302,40010262,2026-04-23 09:13:46.000,2026-04-23
5592197429988,1302,40010288,2026-04-23 09:16:53.000,2026-04-23
5592197429988,1302,40010290,2026-04-23 09:17:07.000,2026-04-23
5592197429988,1302,40010376,2026-04-23 09:28:09.000,2026-04-23
5592197429988,1302,40010328,2026-04-23 09:21:51.000,2026-04-23
5592197429988,1302,40010351,2026-04-23 09:24:50.000,2026-04-23
5592197429988,1302,40010268,2026-04-23 09:14:29.000,2026-04-23
5592197429988,1302,40010330,2026-04-23 09:22:08.000,2026-04-23
5592197429988,1302,40010369,2026-04-23 09:27:13.000,2026-04-23
5592197429988,1302,40010381,2026-04-23 09:28:47.000,2026-04-23
5592197429988,1302,40010383,2026-04-23 09:29:05.000,2026-04-23
5592197429988,1302,40010400,2026-04-23 09:31:26.000,2026-04-23
5592197429988,1302,40010254,2026-04-23 09:12:25.000,2026-04-23
5592197429988,1302,40010276,2026-04-23 09:15:27.000,2026-04-23
5592197429988,1302,40010289,2026-04-23 09:17:00.000,2026-04-23
5592197429988,1302,40010315,2026-04-23 09:20:14.000,2026-04-23
5592197429988,1302,40010320,2026-04-23 09:20:52.000,2026-04-23
5592197429988,1302,40010353,2026-04-23 09:25:04.000,2026-04-23
5592197429988,1302,40010355,2026-04-23 09:25:20.000,2026-04-23
5592197429988,1302,40010296,2026-04-23 09:17:51.000,2026-04-23
5592197429988,1302,40010362,2026-04-23 09:26:16.000,2026-04-23
5592197429988,1302,40010371,2026-04-23 09:27:29.000,2026-04-23
5592197429988,1302,40010385,2026-04-23 09:29:22.000,2026-04-23
5592197429988,1302,40010258,2026-04-23 09:13:19.000,2026-04-23
5592197429988,1302,40010294,2026-04-23 09:17:38.000,2026-04-23
5592197429988,1302,40010314,2026-04-23 09:20:07.000,2026-04-23
5592197429988,1302,40010322,2026-04-23 09:21:08.000,2026-04-23
5592197429988,1302,40010333,2026-04-23 09:22:30.000,2026-04-23
5592197429988,1302,40010394,2026-04-23 09:30:35.000,2026-04-23
5592197429988,1302,40010317,2026-04-23 09:20:28.000,2026-04-23
5592197429988,1302,40010335,2026-04-23 09:22:44.000,2026-04-23
5592197429988,1302,40010358,2026-04-23 09:25:45.000,2026-04-23
5592197429988,1302,40010386,2026-04-23 09:29:31.000,2026-04-23
5592197429988,1302,40010260,2026-04-23 09:13:33.000,2026-04-23
5592197429988,1302,40010286,2026-04-23 09:16:39.000,2026-04-23
5592197429988,1302,40010329,2026-04-23 09:22:00.000,2026-04-23
5592197429988,1302,40010395,2026-04-23 09:30:43.000,2026-04-23
5592197429988,1302,40010295,2026-04-23 09:17:45.000,2026-04-23
5592197429988,1302,40010306,2026-04-23 09:19:05.000,2026-04-23
5592197429988,1302,40010360,2026-04-23 09:26:01.000,2026-04-23
5592197429988,1302,40010361,2026-04-23 09:26:08.000,2026-04-23
5592197429988,1302,40010384,2026-04-23 09:29:14.000,2026-04-23
5592197429988,1302,40010259,2026-04-23 09:13:26.000,2026-04-23
5592197429988,1302,40010274,2026-04-23 09:15:12.000,2026-04-23
5592197429988,1302,40010302,2026-04-23 09:18:35.000,2026-04-23
5592197429988,1302,40010305,2026-04-23 09:18:58.000,2026-04-23
5592197429988,1302,40010278,2026-04-23 09:15:41.000,2026-04-23
5592197429988,1302,40010308,2026-04-23 09:19:19.000,2026-04-23
5592197429988,1302,40010344,2026-04-23 09:23:55.000,2026-04-23
5592197429988,1302,40010356,2026-04-23 09:25:29.000,2026-04-23
5592197429988,1302,40010281,2026-04-23 09:16:02.000,2026-04-23
5592197429988,1302,40010370,2026-04-23 09:27:21.000,2026-04-23
5592197429988,1302,40010398,2026-04-23 09:31:08.000,2026-04-23
5592197429988,1302,40010389,2026-04-23 09:29:53.000,2026-04-23
5592197429988,1302,40010272,2026-04-23 09:14:57.000,2026-04-23
5592197429988,1302,40010298,2026-04-23 09:18:05.000,2026-04-23
5592197429988,1302,40010350,2026-04-23 09:24:43.000,2026-04-23
5592197429988,1302,40010334,2026-04-23 09:22:37.000,2026-04-23
5596482396791,1303,40010231,2026-04-23 11:47:19.000,2026-04-23
5592197429988,1302,40010264,2026-04-23 09:14:00.000,2026-04-23
5592197429988,1302,40010293,2026-04-23 09:17:30.000,2026-04-23
5592197429988,1302,40010319,2026-04-23 09:20:43.000,2026-04-23
5592197429988,1302,40010265,2026-04-23 09:14:08.000,2026-04-23
5592197429988,1302,40010283,2026-04-23 09:16:17.000,2026-04-23
5592197429988,1302,40010285,2026-04-23 09:16:32.000,2026-04-23
5592197429988,1302,40010374,2026-04-23 09:27:53.000,2026-04-23
5592197429988,1302,40010379,2026-04-23 09:28:32.000,2026-04-23
5592197429988,1302,40010304,2026-04-23 09:18:51.000,2026-04-23
5592197429988,1302,40010270,2026-04-23 09:14:43.000,2026-04-23
5592197429988,1302,40010299,2026-04-23 09:18:12.000,2026-04-23
5592197429988,1302,40010313,2026-04-23 09:19:59.000,2026-04-23
5592197429988,1302,40010338,2026-04-23 09:23:08.000,2026-04-23
5592197429988,1302,40010345,2026-04-23 09:24:02.000,2026-04-23
5592197429988,1302,40010349,2026-04-23 09:24:35.000,2026-04-23
5592197429988,1302,40010251,2026-04-23 08:01:43.000,2026-04-23
5596482396791,1303,40010230,2026-04-23 11:47:04.000,2026-04-23
5592197429988,1302,40010277,2026-04-23 09:15:34.000,2026-04-23
5592197429988,1302,40010291,2026-04-23 09:17:14.000,2026-04-23
5592197429988,1302,40010303,2026-04-23 09:18:43.000,2026-04-23
5592197429988,1302,40010359,2026-04-23 09:25:53.000,2026-04-23
5592197429988,1302,40010300,2026-04-23 09:18:19.000,2026-04-23
5592197429988,1302,40010380,2026-04-23 09:28:40.000,2026-04-23
5592197429988,1302,40010339,2026-04-23 09:23:16.000,2026-04-23
5592197429988,1302,40010354,2026-04-23 09:25:12.000,2026-04-23
5592197429988,1302,40010397,2026-04-23 09:31:00.000,2026-04-23
5592197429988,1302,40010263,2026-04-23 09:13:53.000,2026-04-23
5592197429988,1302,40010342,2026-04-23 09:23:39.000,2026-04-23
5592197429988,1302,40010346,2026-04-23 09:24:10.000,2026-04-23
5592197429988,1302,40010375,2026-04-23 09:28:01.000,2026-04-23
5592197429988,1302,40010391,2026-04-23 09:30:10.000,2026-04-23
5592197429988,1302,40010393,2026-04-23 09:30:26.000,2026-04-23
5592197429988,1302,40010280,2026-04-23 09:15:55.000,2026-04-23
5592197429988,1302,40010307,2026-04-23 09:19:12.000,2026-04-23
5592197429988,1302,40010357,2026-04-23 09:25:37.000,2026-04-23
5592197429988,1302,40010377,2026-04-23 09:28:17.000,2026-04-23
5592197429988,1302,40010382,2026-04-23 09:28:56.000,2026-04-23
5592197429988,1302,40010392,2026-04-23 09:30:19.000,2026-04-23
5592197429988,1302,40010396,2026-04-23 09:30:51.000,2026-04-23
5592197429988,1302,40010347,2026-04-23 09:24:19.000,2026-04-23
5592197429988,1302,40010348,2026-04-23 09:24:27.000,2026-04-23
5592197429988,1302,40010365,2026-04-23 09:26:40.000,2026-04-23
5592197429988,1302,40010399,2026-04-23 09:31:16.000,2026-04-23
5592197429988,1302,40010256,2026-04-23 09:12:40.000,2026-04-23
5592197429988,1302,40010301,2026-04-23 09:18:27.000,2026-04-23
5592197429988,1302,40010316,2026-04-23 09:20:21.000,2026-04-23
5592197429988,1302,40010287,2026-04-23 09:16:47.000,2026-04-23
5592197429988,1302,40010323,2026-04-23 09:21:15.000,2026-04-23
5596482396791,1303,40010232,2026-04-23 11:47:32.000,2026-04-23
5592197429988,1302,40010261,2026-04-23 09:13:40.000,2026-04-23
5592197429988,1302,40010275,2026-04-23 09:15:20.000,2026-04-23
5592197429988,1302,40010343,2026-04-23 09:23:47.000,2026-04-23
5592197429988,1302,40010388,2026-04-23 09:29:46.000,2026-04-23
5592197429988,1302,40010255,2026-04-23 09:12:32.000,2026-04-23
5592197429988,1302,40010327,2026-04-23 09:21:43.000,2026-04-23
5592197429988,1302,40010363,2026-04-23 09:26:23.000,2026-04-23
5592197429988,1302,40010390,2026-04-23 09:30:01.000,2026-04-23
5596482396791,1303,40010233,2026-04-23 11:47:47.000,2026-04-23
5592197429988,1302,40010310,2026-04-23 09:19:35.000,2026-04-23
5592197429988,1302,40010368,2026-04-23 09:27:06.000,2026-04-23
5592197429988,1302,40010373,2026-04-23 09:27:44.000,2026-04-23
5592197429988,1302,40010271,2026-04-23 09:14:50.000,2026-04-23
5592197429988,1302,40010257,2026-04-23 09:12:48.000,2026-04-23
5592197429988,1302,40010273,2026-04-23 09:15:05.000,2026-04-23
5592197429988,1302,40010309,2026-04-23 09:19:27.000,2026-04-23
5592197429988,1302,40010321,2026-04-23 09:21:00.000,2026-04-23
5592197429988,1302,40010325,2026-04-23 09:21:29.000,2026-04-23
5592197429988,1302,40010326,2026-04-23 09:21:36.000,2026-04-23
5592197429988,1302,40010340,2026-04-23 09:23:25.000,2026-04-23
5592197429988,1302,40010364,2026-04-23 09:26:31.000,2026-04-23
5592197429988,1302,40010367,2026-04-23 09:26:57.000,2026-04-23
5592197429988,1302,40010378,2026-04-23 09:28:24.000,2026-04-23
5605052331557,1305,40030267,2026-04-22 20:23:49.000,2026-04-22
5613642266151,1307,40030269,2026-04-22 20:30:24.000,2026-04-22
5613642266151,1307,40030287,2026-04-22 20:33:11.000,2026-04-22
5613642266151,1307,40030291,2026-04-22 20:33:44.000,2026-04-22
5605052331557,1305,40030272,2026-04-22 19:16:16.000,2026-04-22
5613642266151,1307,40030262,2026-04-22 20:29:18.000,2026-04-22
5613642266151,1307,40030263,2026-04-22 20:29:27.000,2026-04-22
5613642266151,1307,40030297,2026-04-22 20:34:56.000,2026-04-22
5613642266151,1307,40030342,2026-04-22 20:44:08.000,2026-04-22
5613642266151,1307,40030349,2026-04-22 20:45:25.000,2026-04-22
5613642266151,1307,40030354,2026-04-22 20:46:15.000,2026-04-22
5605052331557,1305,40030275,2026-04-22 20:24:14.000,2026-04-22
5613642266151,1307,40030302,2026-04-22 20:35:47.000,2026-04-22
5613642266151,1307,40030333,2026-04-22 20:42:38.000,2026-04-22
5613642266151,1307,40030334,2026-04-22 20:42:47.000,2026-04-22
5613642266151,1307,40030337,2026-04-22 20:43:17.000,2026-04-22
5613642266151,1307,40030345,2026-04-22 20:44:38.000,2026-04-22
5613642266151,1307,40030346,2026-04-22 20:44:48.000,2026-04-22
5605052331557,1305,40030264,2026-04-22 19:13:03.000,2026-04-22
5613642266151,1307,40030251,2026-04-22 20:27:44.000,2026-04-22
5613642266151,1307,40030281,2026-04-22 20:32:09.000,2026-04-22
5613642266151,1307,40030304,2026-04-22 20:36:09.000,2026-04-22
5613642266151,1307,40030308,2026-04-22 20:36:45.000,2026-04-22
5613642266151,1307,40030319,2026-04-22 20:40:24.000,2026-04-22
5613642266151,1307,40030321,2026-04-22 20:40:54.000,2026-04-22
5605052331557,1305,40030256,2026-04-22 19:09:57.000,2026-04-22
5605052331557,1305,40030273,2026-04-22 19:16:38.000,2026-04-22
5605052331557,1305,40030283,2026-04-22 19:20:58.000,2026-04-22
5613642266151,1307,40030305,2026-04-22 20:36:22.000,2026-04-22
5613642266151,1307,40030331,2026-04-22 20:42:24.000,2026-04-22
5613642266151,1307,40030353,2026-04-22 20:46:05.000,2026-04-22
5613642266151,1307,40030282,2026-04-22 20:32:20.000,2026-04-22
5613642266151,1307,40030293,2026-04-22 20:34:06.000,2026-04-22
5613642266151,1307,40030298,2026-04-22 20:35:04.000,2026-04-22
5613642266151,1307,40030344,2026-04-22 20:44:28.000,2026-04-22
5605052331557,1305,40030258,2026-04-22 19:10:54.000,2026-04-22
5613642266151,1307,40030255,2026-04-22 20:28:16.000,2026-04-22
5613642266151,1307,40030257,2026-04-22 20:28:33.000,2026-04-22
5613642266151,1307,40030313,2026-04-22 20:39:32.000,2026-04-22
5605052331557,1305,40030255,2026-04-22 19:09:38.000,2026-04-22
5605052331557,1305,40030262,2026-04-22 19:12:16.000,2026-04-22
5605052331557,1305,40030281,2026-04-22 19:20:09.000,2026-04-22
5605052331557,1305,40030301,2026-04-22 20:22:07.000,2026-04-22
5613642266151,1307,40030285,2026-04-22 20:32:55.000,2026-04-22
5613642266151,1307,40030296,2026-04-22 20:34:48.000,2026-04-22
5613642266151,1307,40030317,2026-04-22 20:40:06.000,2026-04-22
5605052331557,1305,40030266,2026-04-22 19:13:59.000,2026-04-22
5605052331557,1305,40030266,2026-04-22 20:23:22.000,2026-04-22
5613642266151,1307,40030310,2026-04-22 20:37:06.000,2026-04-22
5605052331557,1305,40030282,2026-04-22 19:20:37.000,2026-04-22
5613642266151,1307,40030278,2026-04-22 20:31:46.000,2026-04-22
5613642266151,1307,40030301,2026-04-22 20:35:34.000,2026-04-22
5613642266151,1307,40030274,2026-04-22 20:31:04.000,2026-04-22
5605052331557,1305,40030274,2026-04-22 19:17:04.000,2026-04-22
5605052331557,1305,40030284,2026-04-22 20:15:45.000,2026-04-22
5613642266151,1307,40030290,2026-04-22 20:33:34.000,2026-04-22
5613642266151,1307,40030322,2026-04-22 20:41:03.000,2026-04-22
5613642266151,1307,40030338,2026-04-22 20:43:30.000,2026-04-22
5613642266151,1307,40030350,2026-04-22 20:45:38.000,2026-04-22
5605052331557,1305,40030268,2026-04-22 19:15:01.000,2026-04-22
5605052331557,1305,40030295,2026-04-22 20:19:42.000,2026-04-22
5613642266151,1307,40030259,2026-04-22 20:28:56.000,2026-04-22
5613642266151,1307,40030280,2026-04-22 20:32:01.000,2026-04-22
5613642266151,1307,40030316,2026-04-22 20:39:55.000,2026-04-22
5613642266151,1307,40030325,2026-04-22 20:41:25.000,2026-04-22
5613642266151,1307,40030348,2026-04-22 20:45:16.000,2026-04-22
5605052331557,1305,40030267,2026-04-22 19:14:33.000,2026-04-22
5605052331557,1305,40030289,2026-04-22 20:17:21.000,2026-04-22
5613642266151,1307,40030284,2026-04-22 20:32:41.000,2026-04-22
5613642266151,1307,40030355,2026-04-22 20:46:23.000,2026-04-22
5605052331557,1305,40030280,2026-04-22 19:19:41.000,2026-04-22
5613642266151,1307,40030270,2026-04-22 20:30:30.000,2026-04-22
5613642266151,1307,40030300,2026-04-22 20:35:25.000,2026-04-22
5613642266151,1307,40030340,2026-04-22 20:43:51.000,2026-04-22
5613642266151,1307,40030256,2026-04-22 20:28:24.000,2026-04-22
5613642266151,1307,40030289,2026-04-22 20:33:25.000,2026-04-22
5613642266151,1307,40030318,2026-04-22 20:40:16.000,2026-04-22
5613642266151,1307,40030258,2026-04-22 20:28:48.000,2026-04-22
5613642266151,1307,40030279,2026-04-22 20:31:53.000,2026-04-22
5613642266151,1307,40030292,2026-04-22 20:33:52.000,2026-04-22
5613642266151,1307,40030330,2026-04-22 20:42:15.000,2026-04-22
5613642266151,1307,40030351,2026-04-22 20:45:46.000,2026-04-22
5613642266151,1307,40030268,2026-04-22 20:30:16.000,2026-04-22
5613642266151,1307,40030283,2026-04-22 20:32:28.000,2026-04-22
5613642266151,1307,40030312,2026-04-22 20:38:44.000,2026-04-22
5605052331557,1305,40030260,2026-04-22 19:11:42.000,2026-04-22
5613642266151,1307,40030314,2026-04-22 20:39:40.000,2026-04-22
5613642266151,1307,40030315,2026-04-22 20:39:48.000,2026-04-22
5613642266151,1307,40030324,2026-04-22 20:41:17.000,2026-04-22
5613642266151,1307,40030356,2026-04-22 20:46:42.000,2026-04-22
5613642266151,1307,40030265,2026-04-22 20:29:45.000,2026-04-22
5605052331557,1305,40030257,2026-04-22 19:10:27.000,2026-04-22
5605052331557,1305,40030265,2026-04-22 19:13:25.000,2026-04-22
5605052331557,1305,40030276,2026-04-22 19:18:21.000,2026-04-22
5605052331557,1305,40030296,2026-04-22 20:20:03.000,2026-04-22
5613642266151,1307,40030286,2026-04-22 20:33:04.000,2026-04-22
5613642266151,1307,40030323,2026-04-22 20:41:10.000,2026-04-22
5613642266151,1307,40030252,2026-04-22 20:27:50.000,2026-04-22
5613642266151,1307,40030352,2026-04-22 20:45:54.000,2026-04-22
5605052331557,1305,40030259,2026-04-22 19:11:19.000,2026-04-22
5605052331557,1305,40030261,2026-04-22 19:11:57.000,2026-04-22
5605052331557,1305,40030285,2026-04-22 20:16:08.000,2026-04-22
5613642266151,1307,40030273,2026-04-22 20:30:57.000,2026-04-22
5613642266151,1307,40030343,2026-04-22 20:44:16.000,2026-04-22
5613642266151,1307,40030358,2026-04-22 20:47:13.000,2026-04-22
5605052331557,1305,40030277,2026-04-22 19:18:44.000,2026-04-22
5613642266151,1307,40030264,2026-04-22 20:29:37.000,2026-04-22
5613642266151,1307,40030277,2026-04-22 20:31:39.000,2026-04-22
5613642266151,1307,40030332,2026-04-22 20:42:31.000,2026-04-22
5605052331557,1305,40030270,2026-04-22 19:15:37.000,2026-04-22
5613642266151,1307,40030306,2026-04-22 20:36:29.000,2026-04-22
5605052331557,1305,40030279,2026-04-22 19:19:23.000,2026-04-22
5605052331557,1305,40030290,2026-04-22 20:17:43.000,2026-04-22
5605052331557,1305,40030293,2026-04-22 20:18:52.000,2026-04-22
5605052331557,1305,40030301,2026-04-22 20:24:40.000,2026-04-22
5605052331557,1305,40030291,2026-04-22 20:18:01.000,2026-04-22
5613642266151,1307,40030299,2026-04-22 20:35:14.000,2026-04-22
5613642266151,1307,40030311,2026-04-22 20:37:18.000,2026-04-22
5605052331557,1305,40030288,2026-04-22 20:17:05.000,2026-04-22
5605052331557,1305,40030300,2026-04-22 20:21:40.000,2026-04-22
5613642266151,1307,40030254,2026-04-22 20:28:07.000,2026-04-22
5613642266151,1307,40030275,2026-04-22 20:31:14.000,2026-04-22
5613642266151,1307,40030276,2026-04-22 20:31:31.000,2026-04-22
5613642266151,1307,40030335,2026-04-22 20:42:58.000,2026-04-22
5613642266151,1307,40030357,2026-04-22 20:47:05.000,2026-04-22
5605052331557,1305,40030278,2026-04-22 19:19:08.000,2026-04-22
5613642266151,1307,40030288,2026-04-22 20:33:18.000,2026-04-22
5605052331557,1305,40030294,2026-04-22 20:19:21.000,2026-04-22
5605052331557,1305,40030299,2026-04-22 20:21:11.000,2026-04-22
5613642266151,1307,40030320,2026-04-22 20:40:35.000,2026-04-22
5613642266151,1307,40030327,2026-04-22 20:41:44.000,2026-04-22
5605052331557,1305,40030253,2026-04-22 19:08:45.000,2026-04-22
5605052331557,1305,40030254,2026-04-22 19:09:12.000,2026-04-22
5613642266151,1307,40030294,2026-04-22 20:34:31.000,2026-04-22
5613642266151,1307,40030328,2026-04-22 20:41:54.000,2026-04-22
5613642266151,1307,40030339,2026-04-22 20:43:43.000,2026-04-22
5605052331557,1305,40030252,2026-04-22 19:08:26.000,2026-04-22
5605052331557,1305,40030263,2026-04-22 19:12:40.000,2026-04-22
5613642266151,1307,40030307,2026-04-22 20:36:36.000,2026-04-22
5605052331557,1305,40030271,2026-04-22 19:15:56.000,2026-04-22
5613642266151,1307,40030260,2026-04-22 20:29:04.000,2026-04-22
5613642266151,1307,40030295,2026-04-22 20:34:40.000,2026-04-22
5605052331557,1305,40030297,2026-04-22 20:20:21.000,2026-04-22
5613642266151,1307,40030261,2026-04-22 20:29:10.000,2026-04-22
5613642266151,1307,40030267,2026-04-22 20:30:07.000,2026-04-22
5613642266151,1307,40030271,2026-04-22 20:30:38.000,2026-04-22
5613642266151,1307,40030272,2026-04-22 20:30:47.000,2026-04-22
5613642266151,1307,40030336,2026-04-22 20:43:08.000,2026-04-22
5613642266151,1307,40030341,2026-04-22 20:44:01.000,2026-04-22
5605052331557,1305,40030286,2026-04-22 20:16:30.000,2026-04-22
5605052331557,1305,40030287,2026-04-22 20:16:48.000,2026-04-22
5605052331557,1305,40030292,2026-04-22 20:18:20.000,2026-04-22
5613642266151,1307,40030253,2026-04-22 20:27:58.000,2026-04-22
5613642266151,1307,40030347,2026-04-22 20:45:05.000,2026-04-22
5613642266151,1307,40030266,2026-04-22 20:29:54.000,2026-04-22
5605052331557,1305,40030269,2026-04-22 19:15:22.000,2026-04-22
5605052331557,1305,40030275,2026-04-22 19:17:55.000,2026-04-22
5605052331557,1305,40030298,2026-04-22 20:20:40.000,2026-04-22
5613642266151,1307,40030303,2026-04-22 20:36:01.000,2026-04-22
5613642266151,1307,40030309,2026-04-22 20:36:56.000,2026-04-22
5613642266151,1307,40030326,2026-04-22 20:41:34.000,2026-04-22
5613642266151,1307,40030329,2026-04-22 20:42:03.000,2026-04-22
5592197429988,1302,40010252,2026-04-23 09:12:12.000,2026-04-23
5592197429988,1302,40010253,2026-04-23 09:12:18.000,2026-04-23
5592197429988,1302,40010269,2026-04-23 09:14:36.000,2026-04-23
5592197429988,1302,40010267,2026-04-23 09:14:22.000,2026-04-23
5592197429988,1302,40010284,2026-04-23 09:16:25.000,2026-04-23
5592197429988,1302,40010297,2026-04-23 09:17:59.000,2026-04-23
5592197429988,1302,40010311,2026-04-23 09:19:44.000,2026-04-23
5592197429988,1302,40010336,2026-04-23 09:22:51.000,2026-04-23
5592197429988,1302,40010337,2026-04-23 09:22:59.000,2026-04-23
5592197429988,1302,40010282,2026-04-23 09:16:10.000,2026-04-23
5592197429988,1302,40010292,2026-04-23 09:17:22.000,2026-04-23
5592197429988,1302,40010312,2026-04-23 09:19:52.000,2026-04-23
5592197429988,1302,40010387,2026-04-23 09:29:38.000,2026-04-23
5587752462254,1301,40010251,2026-04-23 09:32:26.000,2026-04-23
5592197429988,1302,40010372,2026-04-23 09:27:36.000,2026-04-23
5592197429988,1302,40010331,2026-04-23 09:22:15.000,2026-04-23
5592197429988,1302,40010341,2026-04-23 09:23:32.000,2026-04-23
5592197429988,1302,40010366,2026-04-23 09:26:49.000,2026-04-23
5617947233276,1308,40030327,2026-04-22 17:24:48.000,2026-04-22
5617947233276,1308,40030296,2026-04-22 17:17:53.000,2026-04-22
5617947233276,1308,40030304,2026-04-22 17:19:19.000,2026-04-22
5617947233276,1308,40030298,2026-04-22 17:18:10.000,2026-04-22
5617947233276,1308,40030264,2026-04-22 17:12:49.000,2026-04-22
5617947233276,1308,40030312,2026-04-22 17:20:47.000,2026-04-22
5617947233276,1308,40030266,2026-04-22 17:13:07.000,2026-04-22
5617947233276,1308,40030326,2026-04-22 17:26:53.000,2026-04-22
5617947233276,1308,40030258,2026-04-22 17:12:03.000,2026-04-22
5617947233276,1308,40030256,2026-04-22 17:11:08.000,2026-04-22
5617947233276,1308,40030277,2026-04-22 17:14:56.000,2026-04-22
5617947233276,1308,40030321,2026-04-22 17:23:36.000,2026-04-22
5605052331557,1305,40030251,2026-04-22 17:50:03.000,2026-04-22
5617947233276,1308,40030288,2026-04-22 17:16:37.000,2026-04-22
5617947233276,1308,40030328,2026-04-22 17:27:05.000,2026-04-22
5617947233276,1308,40030275,2026-04-22 17:14:25.000,2026-04-22
5617947233276,1308,40030294,2026-04-22 17:17:36.000,2026-04-22
5617947233276,1308,40030314,2026-04-22 17:21:07.000,2026-04-22
5617947233276,1308,40030286,2026-04-22 17:16:21.000,2026-04-22
5617947233276,1308,40030317,2026-04-22 17:21:38.000,2026-04-22
5617947233276,1308,40030320,2026-04-22 17:23:03.000,2026-04-22
5617947233276,1308,40030265,2026-04-22 17:12:57.000,2026-04-22
5617947233276,1308,40030259,2026-04-22 17:12:11.000,2026-04-22
5617947233276,1308,40030262,2026-04-22 17:12:33.000,2026-04-22
5617947233276,1308,40030308,2026-04-22 17:19:56.000,2026-04-22
5617947233276,1308,40030310,2026-04-22 17:20:17.000,2026-04-22
5617947233276,1308,40030309,2026-04-22 17:20:07.000,2026-04-22
5617947233276,1308,40030274,2026-04-22 17:14:15.000,2026-04-22
5617947233276,1308,40030278,2026-04-22 17:15:04.000,2026-04-22
5617947233276,1308,40030302,2026-04-22 17:18:52.000,2026-04-22
5617947233276,1308,40030267,2026-04-22 17:13:17.000,2026-04-22
5617947233276,1308,40030280,2026-04-22 17:15:20.000,2026-04-22
5617947233276,1308,40030287,2026-04-22 17:16:29.000,2026-04-22
5617947233276,1308,40030313,2026-04-22 17:20:58.000,2026-04-22
5617947233276,1308,40030255,2026-04-22 17:11:01.000,2026-04-22
5617947233276,1308,40030272,2026-04-22 17:13:56.000,2026-04-22
5617947233276,1308,40030276,2026-04-22 17:14:36.000,2026-04-22
5617947233276,1308,40030297,2026-04-22 17:18:01.000,2026-04-22
5617947233276,1308,40030307,2026-04-22 17:19:46.000,2026-04-22
5617947233276,1308,40030318,2026-04-22 17:21:52.000,2026-04-22
5617947233276,1308,40030268,2026-04-22 17:13:25.000,2026-04-22
5617947233276,1308,40030290,2026-04-22 17:16:55.000,2026-04-22
5617947233276,1308,40030295,2026-04-22 17:17:45.000,2026-04-22
5617947233276,1308,40030253,2026-04-22 15:52:12.000,2026-04-22
5617947233276,1308,40030270,2026-04-22 17:13:40.000,2026-04-22
5617947233276,1308,40030326,2026-04-22 17:24:35.000,2026-04-22
5617947233276,1308,40030263,2026-04-22 17:12:41.000,2026-04-22
5617947233276,1308,40030257,2026-04-22 17:11:53.000,2026-04-22
5617947233276,1308,40030325,2026-04-22 17:24:21.000,2026-04-22
5617947233276,1308,40030291,2026-04-22 17:17:05.000,2026-04-22
5617947233276,1308,40030292,2026-04-22 17:17:14.000,2026-04-22
5617947233276,1308,40030293,2026-04-22 17:17:24.000,2026-04-22
5617947233276,1308,40030283,2026-04-22 17:15:46.000,2026-04-22
5617947233276,1308,40030305,2026-04-22 17:19:29.000,2026-04-22
5617947233276,1308,40030311,2026-04-22 17:20:32.000,2026-04-22
5617947233276,1308,40030315,2026-04-22 17:21:16.000,2026-04-22
5617947233276,1308,40030323,2026-04-22 17:23:58.000,2026-04-22
5617947233276,1308,40030282,2026-04-22 17:15:38.000,2026-04-22
5617947233276,1308,40030316,2026-04-22 17:21:25.000,2026-04-22
5617947233276,1308,40030271,2026-04-22 17:13:48.000,2026-04-22
5617947233276,1308,40030281,2026-04-22 17:15:29.000,2026-04-22
5617947233276,1308,40030306,2026-04-22 17:19:37.000,2026-04-22
5617947233276,1308,40030299,2026-04-22 17:18:19.000,2026-04-22
5617947233276,1308,40030260,2026-04-22 17:12:18.000,2026-04-22
5617947233276,1308,40030279,2026-04-22 17:15:12.000,2026-04-22
5617947233276,1308,40030284,2026-04-22 17:15:57.000,2026-04-22
5617947233276,1308,40030285,2026-04-22 17:16:10.000,2026-04-22
5617947233276,1308,40030261,2026-04-22 17:12:26.000,2026-04-22
5617947233276,1308,40030269,2026-04-22 17:13:32.000,2026-04-22
5617947233276,1308,40030289,2026-04-22 17:16:44.000,2026-04-22
5617947233276,1308,40030319,2026-04-22 17:22:03.000,2026-04-22
5617947233276,1308,40030322,2026-04-22 17:23:48.000,2026-04-22
5617947233276,1308,40030301,2026-04-22 17:18:39.000,2026-04-22
5617947233276,1308,40030300,2026-04-22 17:18:29.000,2026-04-22
5617947233276,1308,40030303,2026-04-22 17:19:09.000,2026-04-22
5617947233276,1308,40030324,2026-04-22 17:24:08.000,2026-04-22
5617947233276,1308,40030251,2026-04-22 15:51:56.000,2026-04-22
5617947233276,1308,40030254,2026-04-22 15:52:21.000,2026-04-22
5617947233276,1308,40030273,2026-04-22 17:14:06.000,2026-04-22
5617947233276,1308,40030252,2026-04-22 15:52:03.000,2026-04-22
5596482396791,1303,40030275,2026-04-22 10:12:34.000,2026-04-22
5587752462254,1301,40030257,2026-04-22 11:58:05.000,2026-04-22
5596482396791,1303,40030269,2026-04-22 10:11:30.000,2026-04-22
5596482396791,1303,40030270,2026-04-22 10:11:39.000,2026-04-22
5596482396791,1303,40030254,2026-04-22 10:08:42.000,2026-04-22
5587752462254,1301,40030258,2026-04-22 11:58:17.000,2026-04-22
5596482396791,1303,40030251,2026-04-22 10:08:14.000,2026-04-22
5596482396791,1303,40030279,2026-04-22 10:13:20.000,2026-04-22
5596482396791,1303,40030264,2026-04-22 10:10:28.000,2026-04-22
5596482396791,1303,40030259,2026-04-22 10:09:38.000,2026-04-22
5596482396791,1303,40030267,2026-04-22 10:11:09.000,2026-04-22
5596482396791,1303,40030265,2026-04-22 10:10:40.000,2026-04-22
5596482396791,1303,40030255,2026-04-22 10:08:53.000,2026-04-22
5587752462254,1301,40030254,2026-04-22 11:57:35.000,2026-04-22
5596482396791,1303,40030274,2026-04-22 10:12:22.000,2026-04-22
5592197429988,1302,40030251,2026-04-22 11:03:42.000,2026-04-22
5587752462254,1301,40030261,2026-04-22 11:58:48.000,2026-04-22
5587752462254,1301,40030251,2026-04-22 11:57:07.000,2026-04-22
5596482396791,1303,40030272,2026-04-22 10:12:01.000,2026-04-22
5596482396791,1303,40030258,2026-04-22 10:09:28.000,2026-04-22
5587752462254,1301,40030255,2026-04-22 11:57:43.000,2026-04-22
5587752462254,1301,40030264,2026-04-22 11:59:14.000,2026-04-22
5596482396791,1303,40030256,2026-04-22 10:09:02.000,2026-04-22
5587752462254,1301,40030263,2026-04-22 11:59:05.000,2026-04-22
5596482396791,1303,40030284,2026-04-22 10:14:20.000,2026-04-22
5596482396791,1303,40030276,2026-04-22 10:12:50.000,2026-04-22
5596482396791,1303,40030266,2026-04-22 10:10:53.000,2026-04-22
5587752462254,1301,40030266,2026-04-22 11:59:39.000,2026-04-22
5596482396791,1303,40030252,2026-04-22 10:08:22.000,2026-04-22
5596482396791,1303,40030263,2026-04-22 10:10:18.000,2026-04-22
5596482396791,1303,40030281,2026-04-22 10:13:41.000,2026-04-22
5587752462254,1301,40030259,2026-04-22 11:58:28.000,2026-04-22
5596482396791,1303,40030261,2026-04-22 10:09:57.000,2026-04-22
5596482396791,1303,40030273,2026-04-22 10:12:12.000,2026-04-22
5596482396791,1303,40030257,2026-04-22 10:09:14.000,2026-04-22
5596482396791,1303,40030282,2026-04-22 10:13:52.000,2026-04-22
5587752462254,1301,40030260,2026-04-22 11:58:41.000,2026-04-22
5587752462254,1301,40030267,2026-04-22 11:59:51.000,2026-04-22
5596482396791,1303,40030260,2026-04-22 10:09:48.000,2026-04-22
5587752462254,1301,40030262,2026-04-22 11:58:56.000,2026-04-22
5596482396791,1303,40030271,2026-04-22 10:11:50.000,2026-04-22
5587752462254,1301,40030265,2026-04-22 11:59:23.000,2026-04-22
5596482396791,1303,40030268,2026-04-22 10:11:19.000,2026-04-22
5587752462254,1301,40030252,2026-04-22 11:57:16.000,2026-04-22
5587752462254,1301,40030256,2026-04-22 11:57:55.000,2026-04-22
5596482396791,1303,40030280,2026-04-22 10:13:31.000,2026-04-22
5596482396791,1303,40030277,2026-04-22 10:13:01.000,2026-04-22
5596482396791,1303,40030283,2026-04-22 10:14:02.000,2026-04-22
5596482396791,1303,40030253,2026-04-22 10:08:33.000,2026-04-22
5596482396791,1303,40030262,2026-04-22 10:10:08.000,2026-04-22
5596482396791,1303,40030278,2026-04-22 10:13:11.000,2026-04-22
5587752462254,1301,40030253,2026-04-22 11:57:24.000,2026-04-22
5587752462254,1301,40030290,2026-04-22 12:04:02.000,2026-04-22
5592197429988,1302,40030308,2026-04-22 12:25:38.000,2026-04-22
5587752462254,1301,40030306,2026-04-22 12:32:49.000,2026-04-22
5592197429988,1302,40030385,2026-04-22 12:42:33.000,2026-04-22
5592197429988,1302,40030391,2026-04-22 12:43:26.000,2026-04-22
5587752462254,1301,40030272,2026-04-22 12:00:37.000,2026-04-22
5592197429988,1302,40030274,2026-04-22 12:20:29.000,2026-04-22
5626437167862,1310,40030268,2026-04-22 13:56:27.000,2026-04-22
5626437167862,1310,40030290,2026-04-22 14:19:41.000,2026-04-22
5592197429988,1302,40030263,2026-04-22 12:19:00.000,2026-04-22
5592197429988,1302,40030347,2026-04-22 12:34:52.000,2026-04-22
5592197429988,1302,40030288,2026-04-22 12:22:52.000,2026-04-22
5592197429988,1302,40030296,2026-04-22 12:24:04.000,2026-04-22
5592197429988,1302,40030302,2026-04-22 12:24:51.000,2026-04-22
5592197429988,1302,40030365,2026-04-22 12:39:34.000,2026-04-22
5592197429988,1302,40030370,2026-04-22 12:40:17.000,2026-04-22
5592197429988,1302,40030387,2026-04-22 12:42:51.000,2026-04-22
5587752462254,1301,40030298,2026-04-22 12:05:32.000,2026-04-22
5592197429988,1302,40030305,2026-04-22 12:25:15.000,2026-04-22
5626437167862,1310,40030264,2026-04-22 13:55:35.000,2026-04-22
5626437167862,1310,40030279,2026-04-22 13:58:32.000,2026-04-22
5626437167862,1310,40030282,2026-04-22 13:59:05.000,2026-04-22
5587752462254,1301,40030271,2026-04-22 12:00:29.000,2026-04-22
5592197429988,1302,40030275,2026-04-22 12:20:37.000,2026-04-22
5592197429988,1302,40030363,2026-04-22 12:39:16.000,2026-04-22
5592197429988,1302,40030384,2026-04-22 12:42:26.000,2026-04-22
5626437167862,1310,40030262,2026-04-22 13:55:13.000,2026-04-22
5587752462254,1301,40030279,2026-04-22 12:01:59.000,2026-04-22
5592197429988,1302,40030255,2026-04-22 12:17:22.000,2026-04-22
5592197429988,1302,40030283,2026-04-22 12:22:11.000,2026-04-22
5592197429988,1302,40030304,2026-04-22 12:25:08.000,2026-04-22
5592197429988,1302,40030306,2026-04-22 12:25:22.000,2026-04-22
5592197429988,1302,40030321,2026-04-22 12:28:55.000,2026-04-22
5592197429988,1302,40030323,2026-04-22 12:29:10.000,2026-04-22
5587752462254,1301,40030305,2026-04-22 12:32:37.000,2026-04-22
5592197429988,1302,40030334,2026-04-22 12:32:54.000,2026-04-22
5592197429988,1302,40030354,2026-04-22 12:37:56.000,2026-04-22
5592197429988,1302,40030368,2026-04-22 12:40:02.000,2026-04-22
5626437167862,1310,40030259,2026-04-22 13:54:45.000,2026-04-22
5626437167862,1310,40030274,2026-04-22 13:57:24.000,2026-04-22
5626437167862,1310,40030292,2026-04-22 14:20:51.000,2026-04-22
5592197429988,1302,40030268,2026-04-22 12:19:41.000,2026-04-22
5592197429988,1302,40030287,2026-04-22 12:22:46.000,2026-04-22
5592197429988,1302,40030349,2026-04-22 12:35:10.000,2026-04-22
5592197429988,1302,40030350,2026-04-22 12:35:20.000,2026-04-22
5592197429988,1302,40030358,2026-04-22 12:38:32.000,2026-04-22
5592197429988,1302,40030397,2026-04-22 12:44:27.000,2026-04-22
5587752462254,1301,40030273,2026-04-22 12:00:47.000,2026-04-22
5592197429988,1302,40030259,2026-04-22 12:18:31.000,2026-04-22
5592197429988,1302,40030356,2026-04-22 12:38:14.000,2026-04-22
5592197429988,1302,40030372,2026-04-22 12:40:36.000,2026-04-22
5592197429988,1302,40030382,2026-04-22 12:42:05.000,2026-04-22
5592197429988,1302,40030396,2026-04-22 12:44:18.000,2026-04-22
5587752462254,1301,40030280,2026-04-22 12:02:09.000,2026-04-22
5592197429988,1302,40030328,2026-04-22 12:32:03.000,2026-04-22
5592197429988,1302,40030333,2026-04-22 12:32:46.000,2026-04-22
5592197429988,1302,40030338,2026-04-22 12:33:33.000,2026-04-22
5592197429988,1302,40030352,2026-04-22 12:35:35.000,2026-04-22
5592197429988,1302,40030395,2026-04-22 12:44:11.000,2026-04-22
5626437167862,1310,40030286,2026-04-22 14:18:38.000,2026-04-22
5592197429988,1302,40030310,2026-04-22 12:25:54.000,2026-04-22
5592197429988,1302,40030341,2026-04-22 12:34:02.000,2026-04-22
5592197429988,1302,40030346,2026-04-22 12:34:43.000,2026-04-22
5592197429988,1302,40030371,2026-04-22 12:40:27.000,2026-04-22
5592197429988,1302,40030393,2026-04-22 12:43:52.000,2026-04-22
5592197429988,1302,40030260,2026-04-22 12:18:39.000,2026-04-22
5592197429988,1302,40030389,2026-04-22 12:43:08.000,2026-04-22
5626437167862,1310,40030256,2026-04-22 13:54:05.000,2026-04-22
5587752462254,1301,40030270,2026-04-22 12:00:21.000,2026-04-22
5592197429988,1302,40030262,2026-04-22 12:18:52.000,2026-04-22
5592197429988,1302,40030303,2026-04-22 12:25:00.000,2026-04-22
5587752462254,1301,40030303,2026-04-22 12:32:05.000,2026-04-22
5587752462254,1301,40030308,2026-04-22 12:33:10.000,2026-04-22
5587752462254,1301,40030309,2026-04-22 12:33:28.000,2026-04-22
5592197429988,1302,40030344,2026-04-22 12:34:26.000,2026-04-22
5592197429988,1302,40030361,2026-04-22 12:38:57.000,2026-04-22
5592197429988,1302,40030367,2026-04-22 12:39:53.000,2026-04-22
5592197429988,1302,40030390,2026-04-22 12:43:18.000,2026-04-22
5587752462254,1301,40030268,2026-04-22 12:00:03.000,2026-04-22
5592197429988,1302,40030256,2026-04-22 12:17:31.000,2026-04-22
5592197429988,1302,40030276,2026-04-22 12:20:47.000,2026-04-22
5592197429988,1302,40030325,2026-04-22 12:31:37.000,2026-04-22
5592197429988,1302,40030342,2026-04-22 12:34:09.000,2026-04-22
5592197429988,1302,40030381,2026-04-22 12:41:56.000,2026-04-22
5592197429988,1302,40030392,2026-04-22 12:43:38.000,2026-04-22
5626437167862,1310,40030265,2026-04-22 13:55:44.000,2026-04-22
5592197429988,1302,40030294,2026-04-22 12:23:43.000,2026-04-22
5592197429988,1302,40030359,2026-04-22 12:38:42.000,2026-04-22
5592197429988,1302,40030373,2026-04-22 12:40:45.000,2026-04-22
5592197429988,1302,40030400,2026-04-22 12:44:55.000,2026-04-22
5587752462254,1301,40030281,2026-04-22 12:02:20.000,2026-04-22
5587752462254,1301,40030282,2026-04-22 12:02:33.000,2026-04-22
5587752462254,1301,40030287,2026-04-22 12:03:31.000,2026-04-22
5592197429988,1302,40030269,2026-04-22 12:19:48.000,2026-04-22
5592197429988,1302,40030300,2026-04-22 12:24:35.000,2026-04-22
5592197429988,1302,40030314,2026-04-22 12:26:28.000,2026-04-22
5592197429988,1302,40030330,2026-04-22 12:32:21.000,2026-04-22
5592197429988,1302,40030336,2026-04-22 12:33:13.000,2026-04-22
5592197429988,1302,40030353,2026-04-22 12:35:45.000,2026-04-22
5592197429988,1302,40030357,2026-04-22 12:38:23.000,2026-04-22
5626437167862,1310,40030269,2026-04-22 13:56:36.000,2026-04-22
5626437167862,1310,40030280,2026-04-22 13:58:42.000,2026-04-22
5587752462254,1301,40030292,2026-04-22 12:04:21.000,2026-04-22
5587752462254,1301,40030294,2026-04-22 12:04:52.000,2026-04-22
5592197429988,1302,40030282,2026-04-22 12:22:03.000,2026-04-22
5592197429988,1302,40030295,2026-04-22 12:23:50.000,2026-04-22
5592197429988,1302,40030299,2026-04-22 12:24:26.000,2026-04-22
5592197429988,1302,40030313,2026-04-22 12:26:20.000,2026-04-22
5592197429988,1302,40030317,2026-04-22 12:26:52.000,2026-04-22
5592197429988,1302,40030335,2026-04-22 12:33:03.000,2026-04-22
5592197429988,1302,40030355,2026-04-22 12:38:04.000,2026-04-22
5592197429988,1302,40030362,2026-04-22 12:39:07.000,2026-04-22
5592197429988,1302,40030364,2026-04-22 12:39:25.000,2026-04-22
5587752462254,1301,40030277,2026-04-22 12:01:37.000,2026-04-22
5592197429988,1302,40030339,2026-04-22 12:33:43.000,2026-04-22
5592197429988,1302,40030386,2026-04-22 12:42:43.000,2026-04-22
5587752462254,1301,40030288,2026-04-22 12:03:40.000,2026-04-22
5587752462254,1301,40030301,2026-04-22 12:06:15.000,2026-04-22
5592197429988,1302,40030252,2026-04-22 12:16:55.000,2026-04-22
5592197429988,1302,40030258,2026-04-22 12:18:24.000,2026-04-22
5592197429988,1302,40030265,2026-04-22 12:19:16.000,2026-04-22
5592197429988,1302,40030319,2026-04-22 12:28:37.000,2026-04-22
5626437167862,1310,40030275,2026-04-22 13:57:38.000,2026-04-22
5626437167862,1310,40030278,2026-04-22 13:58:24.000,2026-04-22
5587752462254,1301,40030275,2026-04-22 12:01:10.000,2026-04-22
5592197429988,1302,40030277,2026-04-22 12:20:56.000,2026-04-22
5592197429988,1302,40030374,2026-04-22 12:40:54.000,2026-04-22
5592197429988,1302,40030264,2026-04-22 12:19:08.000,2026-04-22
5592197429988,1302,40030340,2026-04-22 12:33:52.000,2026-04-22
5592197429988,1302,40030369,2026-04-22 12:40:10.000,2026-04-22
5592197429988,1302,40030376,2026-04-22 12:41:11.000,2026-04-22
5587752462254,1301,40030293,2026-04-22 12:04:38.000,2026-04-22
5592197429988,1302,40030301,2026-04-22 12:24:43.000,2026-04-22
5592197429988,1302,40030320,2026-04-22 12:28:45.000,2026-04-22
5592197429988,1302,40030337,2026-04-22 12:33:22.000,2026-04-22
5592197429988,1302,40030388,2026-04-22 12:42:59.000,2026-04-22
5626437167862,1310,40030261,2026-04-22 13:55:04.000,2026-04-22
5592197429988,1302,40030311,2026-04-22 12:26:03.000,2026-04-22
5592197429988,1302,40030327,2026-04-22 12:31:54.000,2026-04-22
5592197429988,1302,40030394,2026-04-22 12:44:01.000,2026-04-22
5626437167862,1310,40030251,2026-04-22 13:53:14.000,2026-04-22
5587752462254,1301,40030274,2026-04-22 12:00:56.000,2026-04-22
5587752462254,1301,40030286,2026-04-22 12:03:19.000,2026-04-22
5592197429988,1302,40030383,2026-04-22 12:42:16.000,2026-04-22
5626437167862,1310,40030267,2026-04-22 13:56:17.000,2026-04-22
5626437167862,1310,40030276,2026-04-22 13:57:59.000,2026-04-22
5626437167862,1310,40030291,2026-04-22 14:20:30.000,2026-04-22
5587752462254,1301,40030276,2026-04-22 12:01:25.000,2026-04-22
5592197429988,1302,40030271,2026-04-22 12:20:02.000,2026-04-22
5592197429988,1302,40030279,2026-04-22 12:21:10.000,2026-04-22
5592197429988,1302,40030285,2026-04-22 12:22:29.000,2026-04-22
5592197429988,1302,40030293,2026-04-22 12:23:34.000,2026-04-22
5592197429988,1302,40030315,2026-04-22 12:26:35.000,2026-04-22
5592197429988,1302,40030398,2026-04-22 12:44:37.000,2026-04-22
5587752462254,1301,40030289,2026-04-22 12:03:48.000,2026-04-22
5592197429988,1302,40030272,2026-04-22 12:20:12.000,2026-04-22
5592197429988,1302,40030281,2026-04-22 12:21:56.000,2026-04-22
5592197429988,1302,40030290,2026-04-22 12:23:07.000,2026-04-22
5592197429988,1302,40030297,2026-04-22 12:24:11.000,2026-04-22
5592197429988,1302,40030318,2026-04-22 12:27:15.000,2026-04-22
5592197429988,1302,40030331,2026-04-22 12:32:29.000,2026-04-22
5587752462254,1301,40030307,2026-04-22 12:32:58.000,2026-04-22
5592197429988,1302,40030348,2026-04-22 12:35:02.000,2026-04-22
5626437167862,1310,40030266,2026-04-22 13:55:59.000,2026-04-22
5587752462254,1301,40030300,2026-04-22 12:05:58.000,2026-04-22
5592197429988,1302,40030261,2026-04-22 12:18:45.000,2026-04-22
5587752462254,1301,40030304,2026-04-22 12:32:23.000,2026-04-22
5626437167862,1310,40030255,2026-04-22 13:53:56.000,2026-04-22
5626437167862,1310,40030287,2026-04-22 14:18:55.000,2026-04-22
5592197429988,1302,40030273,2026-04-22 12:20:20.000,2026-04-22
5592197429988,1302,40030278,2026-04-22 12:21:04.000,2026-04-22
5592197429988,1302,40030291,2026-04-22 12:23:17.000,2026-04-22
5592197429988,1302,40030312,2026-04-22 12:26:13.000,2026-04-22
5626437167862,1310,40030277,2026-04-22 13:58:14.000,2026-04-22
5626437167862,1310,40030285,2026-04-22 14:18:20.000,2026-04-22
5587752462254,1301,40030284,2026-04-22 12:02:56.000,2026-04-22
5592197429988,1302,40030253,2026-04-22 12:17:06.000,2026-04-22
5592197429988,1302,40030322,2026-04-22 12:29:03.000,2026-04-22
5592197429988,1302,40030343,2026-04-22 12:34:16.000,2026-04-22
5592197429988,1302,40030379,2026-04-22 12:41:37.000,2026-04-22
5626437167862,1310,40030254,2026-04-22 13:53:44.000,2026-04-22
5626437167862,1310,40030273,2026-04-22 13:57:14.000,2026-04-22
5626437167862,1310,40030289,2026-04-22 14:19:25.000,2026-04-22
5587752462254,1301,40030269,2026-04-22 12:00:13.000,2026-04-22
5592197429988,1302,40030292,2026-04-22 12:23:25.000,2026-04-22
5587752462254,1301,40030302,2026-04-22 12:31:44.000,2026-04-22
5592197429988,1302,40030375,2026-04-22 12:41:03.000,2026-04-22
5592197429988,1302,40030284,2026-04-22 12:22:20.000,2026-04-22
5592197429988,1302,40030286,2026-04-22 12:22:38.000,2026-04-22
5592197429988,1302,40030324,2026-04-22 12:29:35.000,2026-04-22
5592197429988,1302,40030351,2026-04-22 12:35:27.000,2026-04-22
5592197429988,1302,40030380,2026-04-22 12:41:47.000,2026-04-22
5626437167862,1310,40030258,2026-04-22 13:54:34.000,2026-04-22
5587752462254,1301,40030285,2026-04-22 12:03:08.000,2026-04-22
5592197429988,1302,40030266,2026-04-22 12:19:24.000,2026-04-22
5592197429988,1302,40030267,2026-04-22 12:19:33.000,2026-04-22
5592197429988,1302,40030289,2026-04-22 12:22:59.000,2026-04-22
5592197429988,1302,40030309,2026-04-22 12:25:47.000,2026-04-22
5592197429988,1302,40030326,2026-04-22 12:31:46.000,2026-04-22
5626437167862,1310,40030260,2026-04-22 13:54:57.000,2026-04-22
5626437167862,1310,40030288,2026-04-22 14:19:10.000,2026-04-22
5592197429988,1302,40030257,2026-04-22 12:17:51.000,2026-04-22
5592197429988,1302,40030378,2026-04-22 12:41:29.000,2026-04-22
5587752462254,1301,40030299,2026-04-22 12:05:45.000,2026-04-22
5592197429988,1302,40030270,2026-04-22 12:19:55.000,2026-04-22
5592197429988,1302,40030307,2026-04-22 12:25:30.000,2026-04-22
5592197429988,1302,40030329,2026-04-22 12:32:12.000,2026-04-22
5592197429988,1302,40030360,2026-04-22 12:38:49.000,2026-04-22
5592197429988,1302,40030366,2026-04-22 12:39:43.000,2026-04-22
5592197429988,1302,40030377,2026-04-22 12:41:21.000,2026-04-22
5626437167862,1310,40030263,2026-04-22 13:55:22.000,2026-04-22
5587752462254,1301,40030296,2026-04-22 12:05:12.000,2026-04-22
5592197429988,1302,40030298,2026-04-22 12:24:18.000,2026-04-22
5592197429988,1302,40030332,2026-04-22 12:32:39.000,2026-04-22
5626437167862,1310,40030270,2026-04-22 13:56:44.000,2026-04-22
5626437167862,1310,40030272,2026-04-22 13:57:03.000,2026-04-22
5626437167862,1310,40030284,2026-04-22 13:59:34.000,2026-04-22
5587752462254,1301,40030295,2026-04-22 12:05:03.000,2026-04-22
5592197429988,1302,40030280,2026-04-22 12:21:17.000,2026-04-22
5592197429988,1302,40030399,2026-04-22 12:44:46.000,2026-04-22
5626437167862,1310,40030252,2026-04-22 13:53:26.000,2026-04-22
5626437167862,1310,40030253,2026-04-22 13:53:33.000,2026-04-22
5626437167862,1310,40030271,2026-04-22 13:56:53.000,2026-04-22
5626437167862,1310,40030283,2026-04-22 13:59:17.000,2026-04-22
5587752462254,1301,40030278,2026-04-22 12:01:49.000,2026-04-22
5587752462254,1301,40030291,2026-04-22 12:04:12.000,2026-04-22
5587752462254,1301,40030297,2026-04-22 12:05:21.000,2026-04-22
5592197429988,1302,40030254,2026-04-22 12:17:15.000,2026-04-22
5587752462254,1301,40030310,2026-04-22 12:33:51.000,2026-04-22
5626437167862,1310,40030257,2026-04-22 13:54:20.000,2026-04-22
5587752462254,1301,40030283,2026-04-22 12:02:46.000,2026-04-22
5592197429988,1302,40030316,2026-04-22 12:26:43.000,2026-04-22
5592197429988,1302,40030345,2026-04-22 12:34:35.000,2026-04-22
5626437167862,1310,40030281,2026-04-22 13:58:54.000,2026-04-22
5613642266151,1307,40020250,2026-04-22 04:51:10.000,2026-04-22
5592197429988,1302,40020250,2026-04-21 08:02:11.000,2026-04-21
5596482396791,1303,40020220,2026-04-21 11:48:44.000,2026-04-21
5587752462254,1301,40020250,2026-04-21 07:19:36.000,2026-04-21
5596482396791,1303,40020223,2026-04-21 11:49:04.000,2026-04-21
5596482396791,1303,40020226,2026-04-21 11:49:19.000,2026-04-21
5596482396791,1303,40020212,2026-04-21 11:48:33.000,2026-04-21
5596482396791,1303,40020221,2026-04-21 11:48:55.000,2026-04-21
5626437167862,1310,40020230,2026-04-21 21:28:14.000,2026-04-21
5626437167862,1310,40020230,2026-04-21 21:27:56.000,2026-04-21
5626437167862,1310,40020230,2026-04-21 21:25:32.000,2026-04-21
5626437167862,1310,40020234,2026-04-21 21:25:55.000,2026-04-21
5626437167862,1310,40020240,2026-04-21 21:26:08.000,2026-04-21
5626437167862,1310,40020246,2026-04-21 21:26:36.000,2026-04-21
5626437167862,1310,40020246,2026-04-21 21:26:23.000,2026-04-21
5613642266151,1307,40030365,2026-04-22 22:41:29.000,2026-04-22
5613642266151,1307,40030361,2026-04-22 22:40:34.000,2026-04-22
5613642266151,1307,40030364,2026-04-22 22:41:12.000,2026-04-22
5613642266151,1307,40030359,2026-04-22 22:40:10.000,2026-04-22
5613642266151,1307,40030360,2026-04-22 22:40:25.000,2026-04-22
5613642266151,1307,40030362,2026-04-22 22:40:49.000,2026-04-22
5613642266151,1307,40030363,2026-04-22 22:41:01.000,2026-04-22
